{"cameraMode":{"drawMode":0,"name":"Shaded","section":"Shading Mode"},"sceneLighting":true,"audioPlay":false,"sceneViewState":{"showFog":true,"showMaterialUpdate":false,"showSkybox":true,"showFlares":true,"showImageEffects":true,"showParticleSystems":true},"in2DMode":false,"pivot":{"x":89.61808776855469,"y":-76.69231414794922,"z":0.7826604843139648},"rotation":{"x":-0.33168092370033266,"y":0.18017590045928956,"z":-0.06470450758934021,"w":-0.9237926006317139},"size":121.10006713867188,"orthographic":true}