{"cameraMode":{"drawMode":0,"name":"Shaded","section":"Shading Mode"},"sceneLighting":true,"audioPlay":false,"sceneViewState":{"showFog":true,"showMaterialUpdate":false,"showSkybox":true,"showFlares":true,"showImageEffects":true,"showParticleSystems":true},"in2DMode":false,"pivot":{"x":6.619695663452148,"y":3.0085337162017824,"z":14.747798919677735},"rotation":{"x":-0.08532728999853134,"y":-0.4192659854888916,"z":0.03960712254047394,"w":-0.9029920697212219},"size":15.040489196777344,"orthographic":true}