{"cameraMode":{"drawMode":0,"name":"Shaded","section":"Shading Mode"},"sceneLighting":false,"audioPlay":false,"sceneViewState":{"showFog":true,"showMaterialUpdate":false,"showSkybox":false,"showFlares":true,"showImageEffects":true,"showParticleSystems":true},"in2DMode":false,"pivot":{"x":0.0005083084106445313,"y":0.36748337745666506,"z":-0.006817281246185303},"rotation":{"x":-0.14525161683559419,"y":0.7411888241767883,"z":-0.17013798654079438,"w":-0.6329687833786011},"size":1.02078378200531,"orthographic":false}