{"cameraMode":{"drawMode":0,"name":"Shaded","section":"Shading Mode"},"sceneLighting":false,"audioPlay":false,"sceneViewState":{"showFog":true,"showMaterialUpdate":false,"showSkybox":false,"showFlares":true,"showImageEffects":true,"showParticleSystems":true},"in2DMode":false,"pivot":{"x":-0.00012564659118652344,"y":0.21139921247959138,"z":-0.0007207095623016357},"rotation":{"x":-0.1848178207874298,"y":0.7358720898628235,"z":-0.22212417423725129,"w":-0.612525999546051},"size":0.3530022203922272,"orthographic":false}