{"cameraMode":{"drawMode":0,"name":"Shaded","section":"Shading Mode"},"sceneLighting":false,"audioPlay":false,"sceneViewState":{"showFog":true,"showMaterialUpdate":false,"showSkybox":false,"showFlares":true,"showImageEffects":true,"showParticleSystems":true},"in2DMode":false,"pivot":{"x":-8.600625038146973,"y":0.6985454559326172,"z":-3.5834381580352785},"rotation":{"x":-0.1644148975610733,"y":0.7201547026634216,"z":-0.18243420124053956,"w":-0.6490057110786438},"size":1.3052493333816529,"orthographic":false}