{"cameraMode":{"drawMode":0,"name":"Shaded","section":"Shading Mode"},"sceneLighting":false,"audioPlay":false,"sceneViewState":{"showFog":true,"showMaterialUpdate":false,"showSkybox":false,"showFlares":true,"showImageEffects":true,"showParticleSystems":true},"in2DMode":false,"pivot":{"x":24.729999542236329,"y":0.5300000905990601,"z":16.530000686645509},"rotation":{"x":-0.1541791707277298,"y":-0.7464541792869568,"z":0.18550385534763337,"w":-0.620208203792572},"size":1.1010676622390748,"orthographic":false}