{"cameraMode":{"drawMode":0,"name":"Shaded","section":"Shading Mode"},"sceneLighting":false,"audioPlay":false,"sceneViewState":{"showFog":true,"showMaterialUpdate":false,"showSkybox":false,"showFlares":true,"showImageEffects":true,"showParticleSystems":true},"in2DMode":false,"pivot":{"x":10.92300033569336,"y":2.027811288833618,"z":19.049999237060548},"rotation":{"x":-0.014940455555915833,"y":-0.9626659154891968,"z":-0.054350629448890689,"w":0.2651370167732239},"size":1.0256643295288087,"orthographic":false}