{"cameraMode":{"drawMode":0,"name":"Shaded","section":"Shading Mode"},"sceneLighting":false,"audioPlay":false,"sceneViewState":{"showFog":true,"showMaterialUpdate":false,"showSkybox":false,"showFlares":true,"showImageEffects":true,"showParticleSystems":true},"in2DMode":false,"pivot":{"x":28.10474395751953,"y":0.35741323232650759,"z":28.99695587158203},"rotation":{"x":0.019127190113067628,"y":0.9277476668357849,"z":-0.04791117087006569,"w":0.3696937561035156},"size":0.586233377456665,"orthographic":false}